poi,yellow,brown,green,food,hotel,retail,entertain,beauty,service,sport,civic,religious,education,health,government,transport
0,0,0,0,0,0,0,0,0,0,0,0,0,0,0,0,0
9,0,0,0,0,1,0,0,0,0,0,0,0,0,0,0,0
15,0,0,0,2,0,1,0,1,1,0,0,0,0,0,0,1
15,3,0,0,1,0,1,0,0,0,0,0,0,0,0,0,0
16,1,0,0,1,0,0,1,0,2,0,0,0,0,0,0,1
0,0,0,0,0,0,0,0,0,0,0,0,0,0,0,0,0
1,0,0,0,0,0,0,0,0,0,0,0,0,0,0,0,0
38,1,0,0,0,0,10,0,0,4,0,0,0,0,0,0,3
6,0,0,0,0,0,0,0,0,0,0,0,0,0,0,0,1
26,0,0,0,0,0,3,0,0,1,1,0,0,4,0,1,2
1,0,0,0,0,0,0,0,0,0,0,0,0,0,0,0,0
8,0,0,0,1,0,0,0,0,1,0,0,0,0,0,0,0
1,0,0,0,0,0,0,0,0,0,0,0,0,0,0,0,0
9,0,0,0,1,1,0,0,0,0,0,0,0,1,0,0,0
7,0,0,0,0,0,0,0,0,1,0,2,0,0,0,0,0
14,0,0,0,0,0,1,0,0,0,1,0,0,1,0,0,1
54,0,0,0,3,0,9,0,0,6,0,0,0,0,6,0,0
66,2,0,0,2,0,10,0,0,6,1,0,0,0,2,3,2
0,0,0,0,0,0,0,0,0,0,0,0,0,0,0,0,0
20,0,0,0,0,0,2,0,0,1,0,0,0,2,0,0,0
66,0,0,0,1,0,6,0,1,4,0,1,1,0,0,0,4
21,2,0,0,4,0,4,0,1,1,0,0,0,0,0,0,3
3,0,0,0,0,0,1,0,0,0,0,0,0,0,0,0,0
10,0,0,0,0,0,0,0,0,0,0,0,0,2,5,1,0
4,0,0,0,0,0,0,0,0,0,0,0,0,0,0,0,0
0,0,0,0,0,0,0,0,0,0,0,0,0,0,0,0,0
6,0,0,0,0,0,0,0,0,3,0,0,0,0,0,0,0
8,0,0,0,2,0,1,0,1,2,0,0,0,0,0,0,0
22,0,0,0,0,0,3,0,1,0,0,0,0,0,1,0,0
12,1,0,0,1,0,1,0,0,1,0,0,0,0,0,0,0
36,0,0,0,2,0,3,0,0,8,0,0,0,0,0,0,4
13,0,0,0,1,0,1,0,0,0,0,0,0,0,0,0,1
85,4,0,0,4,0,14,0,0,11,0,0,0,1,0,0,1
3,0,0,0,0,0,0,0,0,0,0,1,1,0,0,0,0
3,0,0,0,1,0,0,0,0,0,0,0,0,1,0,0,1
4,0,0,0,0,0,0,0,0,0,0,0,2,0,0,0,1
9,0,0,0,0,0,2,0,0,0,0,0,0,0,0,0,0
13,0,0,0,2,0,2,0,0,2,0,0,0,0,0,0,1
6,0,0,0,0,0,1,0,0,0,0,0,0,0,0,0,0
24,0,0,0,2,0,2,0,0,2,0,1,0,0,0,0,1
26,0,0,0,1,0,6,0,0,1,0,0,0,0,0,0,0
6,0,0,0,0,0,3,0,0,0,0,0,0,0,2,0,0
13,0,0,0,1,0,1,0,1,1,1,0,0,0,0,0,0
0,0,0,0,0,0,0,0,0,0,0,0,0,0,0,0,0
1,0,0,0,0,0,0,0,0,0,0,0,0,0,0,0,0
56,1,0,0,0,0,6,0,1,1,0,3,0,0,0,0,1
13,1,0,0,2,0,3,0,0,2,0,0,0,0,1,0,1
6,1,0,0,0,0,0,0,0,0,0,0,0,0,0,0,1
18,0,0,0,0,0,1,0,0,0,0,0,0,0,2,0,0
13,0,0,0,1,0,4,0,1,0,0,0,0,0,0,0,0
25,0,0,0,1,1,1,0,0,4,1,0,0,0,9,1,2
3,0,0,0,1,0,0,0,0,0,0,0,0,0,0,0,0
24,1,0,0,2,0,1,0,1,1,0,0,0,0,0,0,2
0,0,0,0,0,0,0,0,0,0,0,0,0,0,0,0,0
52,0,0,0,1,0,9,0,0,3,0,0,0,0,0,0,3
5,0,0,0,0,0,1,0,0,2,0,0,0,0,0,0,0
5,0,0,0,0,0,0,0,0,1,0,0,0,0,0,0,0
13,0,0,0,1,0,2,0,2,0,0,0,0,0,0,0,0
1,0,0,0,0,0,0,0,0,0,0,0,0,0,0,0,0
0,0,0,0,0,0,0,0,0,0,0,0,0,0,0,0,0
2,0,0,0,0,0,0,0,0,0,0,0,0,0,0,0,0
0,0,0,0,0,0,0,0,0,0,0,0,0,0,0,0,0
5,0,0,0,0,0,0,0,0,0,0,0,0,0,0,0,0
5,1,0,0,0,0,2,0,0,2,0,0,0,0,0,0,0
23,0,0,0,2,0,3,0,2,0,0,0,0,2,0,0,2
0,0,0,0,0,0,0,0,0,0,0,0,0,0,0,0,0
2,0,0,0,0,0,0,0,0,0,0,0,0,0,0,0,0
111,6,0,0,6,0,17,0,0,7,0,0,1,0,0,0,7
13,0,0,0,1,0,0,0,0,1,0,0,0,0,0,3,1
55,1,0,0,5,0,8,0,0,2,0,4,0,0,0,0,0
0,0,0,0,0,0,0,0,0,0,0,0,0,0,0,0,0
0,0,0,0,0,0,0,0,0,0,0,0,0,0,0,0,0
0,0,0,0,0,0,0,0,0,0,0,0,0,0,0,0,0
28,1,0,0,0,0,5,0,1,4,0,0,0,0,0,0,2
8,0,0,0,1,0,0,0,0,1,0,0,0,0,0,0,1
28,0,0,0,0,0,1,0,1,3,0,0,0,0,0,1,1
10,0,0,0,0,0,2,0,0,0,0,0,0,0,0,0,0
1,0,0,0,0,0,0,0,0,0,0,0,0,0,0,0,0
24,0,0,0,0,0,2,0,0,0,0,0,0,0,0,0,1
2,0,0,0,0,0,0,0,0,1,0,0,0,0,0,0,0
3,0,0,0,0,0,0,0,0,0,0,0,0,0,0,0,0
2,0,0,0,0,0,0,0,0,0,0,0,0,0,0,0,0
55,0,0,0,2,0,8,0,1,5,0,0,0,1,0,0,3
2,0,0,0,0,0,0,0,0,0,0,0,0,0,0,0,0
1,0,0,0,0,0,0,0,0,0,0,0,0,0,0,0,0
22,3,0,0,0,0,1,0,0,5,0,0,0,0,0,0,3
9,0,0,0,0,0,2,0,0,0,1,0,0,0,0,0,0
9,1,0,0,1,0,1,0,0,3,0,0,0,0,0,0,0
6,0,0,0,0,0,0,0,0,0,0,0,0,0,0,0,0
8,0,0,0,1,0,3,0,1,1,0,0,0,0,0,0,0
3,0,0,0,0,0,0,0,0,0,0,0,0,0,0,0,1
0,0,0,0,0,0,0,0,0,0,0,0,0,0,0,0,0
12,0,0,0,0,0,1,0,0,2,0,0,0,0,0,0,1
3,0,0,0,0,0,0,0,0,0,0,0,0,0,0,0,0
3,0,0,0,0,0,0,0,0,0,0,0,0,0,0,0,0
13,0,0,0,0,0,4,0,0,1,0,0,0,0,0,0,2
2,0,0,0,0,0,0,0,0,0,0,0,0,0,0,0,0
14,0,0,0,0,0,1,0,0,1,0,0,0,0,0,0,1
3,0,0,0,0,0,0,0,0,0,0,0,0,0,0,0,1
4,0,0,0,0,0,0,0,0,0,0,0,0,0,1,0,0
39,0,0,0,4,1,4,0,1,3,0,0,0,1,1,0,4
0,0,0,0,0,0,0,0,0,0,0,0,0,0,0,0,0
2,0,0,0,0,0,0,0,0,1,0,0,0,0,0,0,0
12,0,0,0,2,0,2,0,0,0,0,0,0,0,0,0,3
2,0,0,0,0,0,0,0,0,0,0,0,0,0,0,0,1
0,0,0,0,0,0,0,0,0,0,0,0,0,0,0,0,0
41,0,0,0,1,1,6,0,1,4,0,0,1,3,1,0,2
2,0,0,0,0,0,1,0,0,0,0,0,0,0,0,0,0
4,1,0,0,0,0,0,0,0,2,0,0,0,0,0,0,0
5,0,0,0,1,0,0,0,0,0,0,0,0,0,0,0,0
1,0,0,0,0,0,0,0,0,0,0,0,0,0,0,0,0
9,0,0,0,1,0,0,0,0,0,0,0,1,1,2,0,0
5,0,0,0,0,0,0,0,0,2,0,0,0,0,0,1,0
0,0,0,0,0,0,0,0,0,0,0,0,0,0,0,0,0
16,0,0,0,0,0,4,0,0,1,0,0,0,0,0,0,0
10,0,0,0,2,0,3,0,0,0,0,0,0,0,0,0,1
0,0,0,0,0,0,0,0,0,0,0,0,0,0,0,0,0
4,0,0,0,0,0,2,0,0,0,0,0,0,0,0,0,0
15,0,0,0,0,0,6,0,0,0,0,0,0,0,0,0,0
14,0,0,0,2,0,1,0,5,0,0,0,0,0,1,1,0
0,0,0,0,0,0,0,0,0,0,0,0,0,0,0,0,0
4,0,0,0,0,0,1,0,0,0,0,0,0,0,0,0,0
55,1,0,0,1,0,6,0,1,2,0,0,0,0,0,0,1
5,0,0,0,0,0,0,0,0,0,0,0,0,0,1,0,0
7,0,0,0,0,0,0,0,0,0,0,0,0,0,0,0,0
12,1,0,0,0,0,2,0,0,0,1,0,0,0,0,0,1
10,1,0,0,0,0,1,0,0,0,0,0,0,0,1,0,0
5,0,0,0,0,0,0,0,1,0,0,0,0,0,0,0,0
7,0,0,0,0,0,1,0,0,1,0,0,1,1,0,0,0
7,0,0,0,0,0,1,0,0,0,0,0,0,0,0,0,1
0,0,0,0,0,0,0,0,0,0,0,0,0,0,0,0,0
9,0,0,0,3,0,2,0,0,0,0,0,0,0,0,0,0
6,0,0,0,1,0,0,0,0,0,0,0,1,2,0,0,0
2,0,0,0,0,0,0,0,0,0,0,0,0,0,0,0,0
5,0,0,0,1,0,0,0,0,1,0,0,0,0,0,0,1
17,0,0,0,1,0,2,0,0,4,0,0,0,0,0,0,3
5,0,0,0,0,0,2,0,0,0,0,0,0,0,0,0,0
13,1,0,0,0,0,4,0,0,1,0,0,0,0,0,0,2
58,3,0,0,2,0,6,0,1,8,0,0,0,0,0,0,2
0,0,0,0,0,0,0,0,0,0,0,0,0,0,0,0,0
0,0,0,0,0,0,0,0,0,0,0,0,0,0,0,0,0
22,0,0,0,2,0,5,0,4,1,0,0,0,0,0,0,3
1,0,0,0,0,0,0,0,0,0,0,0,0,0,0,0,0
7,0,0,0,0,0,0,0,0,0,0,0,0,0,0,0,1
16,1,0,0,0,0,8,0,0,0,0,0,0,0,0,0,2
0,0,0,0,0,0,0,0,0,0,0,0,0,0,0,0,0
8,0,0,0,0,0,2,0,0,0,0,0,0,0,0,1,1
13,1,0,0,0,0,5,0,0,0,0,0,0,1,0,0,0
3,0,0,0,0,0,1,0,0,0,0,0,0,0,0,0,0
6,0,0,0,0,0,1,0,0,0,0,0,1,0,0,0,0
14,0,0,0,0,0,0,0,0,1,0,0,0,0,0,0,1
4,0,0,0,0,0,0,0,0,0,0,0,0,0,0,0,1
2,0,0,0,0,0,0,0,0,0,0,0,0,0,0,0,1
6,0,0,0,0,0,0,0,0,1,0,1,1,0,0,0,0
23,0,0,0,0,0,6,0,0,1,0,0,0,0,0,0,0
88,4,0,0,2,0,12,0,0,6,0,0,0,0,2,0,4
26,0,0,0,2,1,5,0,1,0,0,0,0,0,0,0,3
10,0,0,0,0,0,1,0,2,1,1,0,0,0,1,0,0
6,1,0,0,0,0,2,0,0,0,0,0,0,0,0,0,0
1,0,0,0,0,0,0,0,0,0,0,0,0,0,0,0,1
11,0,0,0,3,0,1,0,0,1,0,0,0,0,0,0,0
0,0,0,0,0,0,0,0,0,0,0,0,0,0,0,0,0
20,0,0,0,1,0,4,0,0,0,0,0,0,0,0,0,0
3,0,0,0,0,0,0,0,0,0,0,0,0,0,0,0,0
2,0,0,0,0,0,1,0,0,0,0,0,0,0,0,0,0
9,0,0,0,2,0,1,0,0,1,0,1,0,0,0,0,0
1,0,0,0,0,0,0,0,0,0,0,0,0,0,0,0,0
16,0,0,0,0,0,4,0,0,0,0,0,0,0,0,0,1
34,0,0,0,0,0,5,0,0,1,0,0,0,0,0,0,0
37,7,0,0,1,0,12,0,0,1,0,0,0,0,0,0,2
2,0,0,0,0,0,1,0,0,0,0,0,0,0,0,0,0
10,0,0,0,0,0,2,0,0,0,0,0,0,0,0,1,1
24,0,0,0,1,0,3,0,0,2,0,0,0,0,0,0,0
3,0,0,0,0,1,0,0,0,0,0,0,0,0,0,0,0
40,2,0,0,0,0,17,0,1,0,0,0,0,0,0,0,2
32,0,0,0,1,0,4,0,0,0,0,0,0,0,0,0,0
6,0,0,0,0,0,0,0,0,3,0,0,0,0,0,0,0
4,0,0,0,0,0,0,0,0,1,0,0,0,0,0,0,1
0,0,0,0,0,0,0,0,0,0,0,0,0,0,0,0,0
1,0,0,0,0,0,0,0,0,0,0,0,0,0,0,0,0
5,0,0,0,1,0,0,0,0,0,0,1,0,0,0,0,1
22,0,0,0,0,0,6,0,0,1,1,0,0,0,0,0,1
7,0,0,0,0,0,2,0,0,1,0,0,0,0,0,0,0
0,0,0,0,0,0,0,0,0,0,0,0,0,0,0,0,0
4,0,0,0,0,1,0,0,0,0,0,0,1,0,0,0,2
13,1,0,0,1,0,2,0,0,0,0,0,0,0,0,1,1
0,0,0,0,0,0,0,0,0,0,0,0,0,0,0,0,0
0,0,0,0,0,0,0,0,0,0,0,0,0,0,0,0,0
0,0,0,0,0,0,0,0,0,0,0,0,0,0,0,0,0
5,0,0,0,0,0,1,0,0,1,0,0,0,0,0,0,1
3,0,0,0,0,0,0,0,0,0,0,0,0,0,1,0,0
34,1,0,0,0,0,24,0,0,0,1,0,0,0,1,0,0
33,0,0,0,0,0,0,0,0,1,0,0,1,0,26,0,0
17,1,0,0,1,0,4,0,0,3,0,0,0,0,0,0,0
1,0,0,0,0,0,0,0,0,0,0,0,0,0,0,0,0
10,0,0,0,0,0,0,0,1,2,0,1,0,0,1,0,0
27,1,0,0,0,0,4,0,1,9,0,0,0,0,1,0,1
36,2,0,0,0,0,23,0,0,1,0,0,0,0,0,0,0
29,0,0,0,8,0,3,0,2,2,0,0,0,0,2,0,0
1,0,0,0,0,0,0,0,0,0,0,0,0,0,0,0,0
40,2,0,0,3,0,5,0,1,4,2,0,0,4,1,0,2
12,0,0,0,0,0,5,0,0,2,0,0,0,0,0,0,0
20,1,0,0,0,0,9,0,0,0,0,0,0,0,0,0,0
56,3,0,0,3,1,4,0,2,5,0,0,0,0,2,0,3
5,0,0,0,0,0,0,0,0,0,0,0,0,0,1,0,2
0,0,0,0,0,0,0,0,0,0,0,0,0,0,0,0,0
10,0,0,0,0,0,0,0,0,0,0,0,0,0,1,0,2
3,0,0,0,0,0,1,0,0,0,0,0,0,0,0,0,1
49,0,0,0,6,0,7,0,7,5,0,1,0,0,0,0,0
101,2,0,0,2,0,18,0,0,4,0,0,0,0,2,0,4
5,0,0,0,0,0,0,0,1,0,0,0,0,0,1,0,0
30,1,0,0,0,0,15,0,0,1,0,0,0,0,0,0,0
31,1,0,0,0,0,5,0,0,3,0,0,0,0,0,0,0
0,0,0,0,0,0,0,0,0,0,0,0,0,0,0,0,0
4,0,0,0,1,0,0,0,0,0,0,0,0,0,0,0,1
8,1,0,0,0,0,2,0,0,0,0,0,0,0,0,0,1
18,0,0,0,0,0,3,0,0,2,0,0,0,0,0,0,0
30,2,0,0,0,0,16,0,0,0,0,0,0,0,0,0,0
36,0,0,0,3,1,0,0,3,3,1,1,1,4,4,0,1
1,0,0,0,0,0,0,0,0,0,0,0,0,0,0,0,0
15,1,0,0,0,0,1,1,0,3,0,0,0,0,0,0,1
51,1,0,0,5,0,5,0,0,5,0,0,0,0,1,0,0
30,4,0,0,2,1,16,0,0,0,0,0,0,0,0,0,0
0,0,0,0,0,0,0,0,0,0,0,0,0,0,0,0,0
6,1,0,0,0,0,1,0,0,1,0,0,0,0,0,0,1
2,0,0,0,0,0,0,0,0,0,0,0,0,0,0,0,0
25,0,0,0,1,0,2,0,0,0,0,2,0,1,13,0,2
75,7,0,0,2,0,42,0,0,1,0,0,0,0,0,0,0
0,0,0,0,0,0,0,0,0,0,0,0,0,0,0,0,0
1,0,0,0,0,0,0,0,0,0,0,0,0,0,0,0,1
15,0,0,0,3,0,4,0,3,0,0,0,0,0,2,0,0
10,0,0,0,3,0,2,0,0,1,0,0,0,1,1,0,0
8,1,0,0,1,0,1,0,0,1,0,0,0,0,0,0,0
14,1,0,0,0,0,5,0,0,2,0,1,0,0,0,0,0
7,0,0,0,0,0,1,0,0,0,0,0,0,0,0,0,2
4,1,0,0,0,0,1,0,0,1,0,0,0,0,0,0,1
21,3,0,0,3,0,10,0,0,0,0,0,0,0,0,0,1
23,0,0,0,4,0,5,0,0,5,0,0,1,1,0,0,2
15,0,0,0,1,0,2,0,0,1,0,1,0,0,0,0,0
14,0,0,0,4,0,2,0,0,0,0,0,0,0,0,0,3
9,0,0,0,1,0,0,0,0,0,0,1,1,0,0,0,0
22,0,0,0,2,0,2,2,3,0,0,1,0,0,2,0,2
2,0,0,0,0,0,0,0,2,0,0,0,0,0,0,0,0
143,12,0,0,3,0,65,0,0,1,1,0,0,0,0,0,0
16,0,0,0,2,0,1,0,1,0,0,0,0,0,1,0,3
1,0,0,0,0,0,0,0,0,0,0,0,0,0,0,0,1
10,0,0,0,0,0,6,0,0,0,0,0,0,0,0,0,0
10,1,0,0,1,0,1,0,0,1,0,0,0,0,0,0,0
1,0,0,0,0,0,0,0,0,0,0,0,0,0,0,0,0
7,0,0,0,0,0,0,0,0,2,0,1,0,0,0,0,0
4,0,0,0,0,0,0,0,0,0,0,0,0,1,0,0,0
0,0,0,0,0,0,0,0,0,0,0,0,0,0,0,0,0
35,1,0,0,1,0,4,0,2,4,0,0,0,0,6,0,1
3,0,0,0,0,0,0,1,0,0,0,0,0,0,2,0,0
15,0,0,0,0,1,2,0,0,2,0,0,0,0,0,0,2
6,0,0,0,0,0,0,0,0,0,0,0,0,0,0,0,1
5,0,0,0,0,0,1,0,0,1,0,0,0,0,0,0,0
39,1,0,0,0,0,7,0,2,3,0,0,0,0,0,0,4
0,0,0,0,0,0,0,0,0,0,0,0,0,0,0,0,0
9,0,0,0,0,0,3,0,0,2,0,1,0,0,0,0,1
24,4,0,0,5,0,9,0,0,1,0,0,0,0,0,0,0
5,0,0,0,0,0,0,0,0,1,0,0,0,0,1,0,2
2,0,0,0,0,0,0,0,0,0,0,0,1,0,0,0,1
31,0,0,0,2,0,1,0,0,1,0,0,0,0,2,0,0
1,0,0,0,0,0,0,0,0,1,0,0,0,0,0,0,0
12,1,0,0,0,0,1,0,0,3,0,0,0,0,0,0,0
1,0,0,0,0,0,0,0,0,0,0,0,0,0,0,0,0
5,0,0,0,0,0,1,0,0,1,0,0,0,0,0,0,0
36,5,0,0,1,0,22,0,0,0,0,0,0,0,1,0,1
4,0,0,0,2,0,0,0,0,0,0,0,0,0,0,0,0
9,0,0,0,0,0,1,0,0,1,0,0,0,0,0,0,2
3,0,0,0,0,0,0,0,0,0,0,0,0,1,0,0,0
4,0,0,0,0,0,0,0,0,0,0,1,0,0,2,0,1
1,0,0,0,0,0,0,0,0,0,0,0,0,0,0,0,0
8,0,0,0,0,1,2,0,0,0,0,0,0,0,0,0,1
7,0,0,0,0,0,1,0,0,0,0,0,0,0,0,0,0
2,0,0,0,0,0,0,0,0,0,0,0,0,0,0,0,0
2,0,0,0,1,0,0,0,0,0,0,0,0,0,0,0,0
76,1,0,0,1,1,16,0,0,7,0,0,0,0,2,0,1
2,0,0,0,0,0,0,0,0,2,0,0,0,0,0,0,0
36,1,0,0,2,0,3,0,0,0,0,0,1,4,1,0,3
51,4,0,0,1,0,17,0,0,3,0,0,1,0,0,0,0
8,0,0,0,0,0,1,0,0,0,0,0,0,0,0,0,0
2,0,0,0,0,0,0,0,0,0,0,0,0,0,0,0,0
2,0,0,0,0,0,1,0,0,0,0,0,0,0,0,0,0
8,0,0,0,1,0,0,0,1,0,0,0,0,0,0,0,3
9,1,0,0,0,0,2,0,0,0,0,0,0,0,0,0,1
0,0,0,0,0,0,0,0,0,0,0,0,0,0,0,0,0
41,0,0,0,3,0,2,0,1,1,0,0,1,0,6,1,6
1,0,0,0,0,0,0,0,0,0,0,0,0,0,0,0,1
2,0,0,0,0,1,0,0,0,0,0,0,0,0,0,0,0
4,0,0,0,0,0,0,0,0,0,0,0,0,1,0,0,0
88,13,0,0,5,1,37,0,0,1,0,0,0,0,0,0,0
2,0,0,0,0,0,0,0,0,0,0,0,0,0,0,0,1
3,0,0,0,0,0,0,0,0,0,0,0,0,0,0,0,0
6,0,0,0,1,0,0,0,0,0,0,0,0,0,0,0,0
0,0,0,0,0,0,0,0,0,0,0,0,0,0,0,0,0
6,0,0,0,0,0,1,0,1,0,0,0,0,0,0,0,0
65,1,0,0,2,0,2,0,1,2,1,0,1,1,3,0,7
3,0,0,0,0,0,0,0,1,0,0,0,0,0,0,0,0
8,0,0,0,0,0,1,0,1,0,0,0,0,0,1,0,1
0,0,0,0,0,0,0,0,0,0,0,0,0,0,0,0,0
18,0,0,0,0,0,4,0,0,1,0,0,0,0,2,0,0
32,0,0,0,7,0,4,2,1,3,2,0,0,1,0,0,0
0,0,0,0,0,0,0,0,0,0,0,0,0,0,0,0,0
9,1,0,0,1,0,1,0,1,3,0,0,0,0,0,0,0
120,11,0,0,3,0,43,0,0,5,0,0,0,2,3,0,0
3,0,0,0,0,0,0,0,0,0,0,0,0,0,0,0,0
0,0,0,0,0,0,0,0,0,0,0,0,0,0,0,0,0
11,0,0,0,0,0,1,0,0,2,0,0,0,1,0,0,1
18,1,0,0,2,0,4,0,0,4,0,0,0,0,0,0,0
26,0,0,0,2,0,6,0,0,0,0,0,0,0,2,0,0
7,0,0,0,1,0,0,0,0,0,0,0,0,0,0,0,1
7,0,0,0,1,0,1,0,0,0,0,0,0,0,0,0,1
0,0,0,0,0,0,0,0,0,0,0,0,0,0,0,0,0
27,0,0,0,2,1,2,0,1,2,1,2,0,3,1,0,2
2,0,0,0,0,0,0,0,0,0,0,0,0,0,0,0,0
60,2,0,0,3,0,25,1,1,7,2,0,0,0,14,0,0
3,2,0,0,1,0,0,0,0,0,0,0,0,0,0,0,0
4,0,0,0,0,0,0,0,0,0,0,0,0,0,0,0,1
15,0,0,0,0,0,2,0,0,3,0,0,0,0,2,0,0
28,1,0,0,0,0,5,0,0,0,0,0,0,0,0,1,1
1,0,0,0,0,0,0,0,0,0,0,0,0,0,0,0,0
95,1,0,0,5,0,10,1,2,10,0,0,1,1,1,1,8
0,0,0,0,0,0,0,0,0,0,0,0,0,0,0,0,0
27,1,0,0,4,0,3,0,1,2,0,0,0,0,2,1,5
5,0,0,0,0,0,2,0,1,0,0,0,0,1,0,0,0
104,2,0,0,5,0,7,0,5,14,0,1,0,0,4,1,7
7,0,0,0,0,0,1,0,1,0,0,0,0,0,0,0,0
10,0,0,0,1,0,3,0,0,1,0,0,0,0,0,0,0
18,0,0,0,0,0,3,0,0,4,0,0,0,0,0,0,1
42,0,0,0,0,0,2,0,1,0,0,0,0,0,26,0,0
13,0,0,0,1,0,0,0,1,2,0,0,1,0,0,0,2
1,0,0,0,0,0,0,0,0,0,0,0,0,0,0,0,0
4,0,0,0,0,0,0,0,1,1,0,0,0,0,0,0,0
20,2,0,0,0,0,2,0,1,0,0,0,1,1,1,0,4
35,0,0,0,1,1,2,0,0,0,0,2,0,0,2,0,5
5,0,0,0,0,0,0,0,0,2,0,0,0,0,1,0,1
6,0,0,0,0,0,1,0,0,0,0,0,0,0,0,0,0
47,0,0,0,1,0,8,0,1,2,0,0,0,4,7,0,3
10,1,0,0,0,0,6,0,0,0,0,0,0,0,0,0,1
4,0,0,0,0,0,0,0,0,0,0,0,0,0,0,0,0
18,0,0,0,0,0,1,1,0,1,2,2,0,1,0,0,4
0,0,0,0,0,0,0,0,0,0,0,0,0,0,0,0,0
8,0,0,0,0,0,2,0,1,0,0,0,0,0,0,0,2
3,0,0,0,0,0,0,0,0,0,0,0,0,0,0,0,0
25,2,0,0,8,0,5,0,2,5,0,0,0,0,0,0,0
28,1,0,0,2,0,5,0,3,3,0,0,0,0,0,0,2
77,3,0,0,2,0,10,0,0,10,1,0,0,0,4,0,3
16,1,0,0,0,0,3,0,0,0,0,0,0,0,0,0,0
2,0,0,0,1,0,0,0,0,0,0,0,0,0,0,0,0
1,0,0,0,0,0,0,0,0,0,0,0,0,0,0,0,1
40,1,0,0,2,0,4,0,3,6,0,0,2,0,0,0,0
18,1,0,0,0,0,3,0,0,1,0,0,0,1,1,0,2
7,0,0,0,1,0,2,0,0,0,0,0,0,0,0,0,0
2,0,0,0,0,0,0,0,0,1,0,0,0,0,0,0,1
5,0,0,0,1,0,0,0,0,0,0,0,0,0,0,0,0
47,2,0,0,0,1,4,0,0,8,1,0,0,0,0,0,2
6,0,0,0,0,0,1,0,1,1,0,0,0,0,1,0,0
4,0,0,0,0,0,0,0,0,1,0,0,0,0,0,0,0
6,0,0,0,0,0,0,0,0,0,0,0,0,0,0,0,0
1,0,0,0,0,0,0,0,0,0,0,1,0,0,0,0,0
23,0,0,0,1,0,1,0,1,3,0,0,0,0,1,0,1
1,0,0,0,0,0,0,0,0,0,0,0,0,0,0,0,0
8,0,0,0,0,1,1,0,1,0,0,0,1,0,0,0,1
11,0,0,0,1,0,1,0,0,2,0,0,0,0,0,0,1
0,0,0,0,0,0,0,0,0,0,0,0,0,0,0,0,0
7,0,0,0,0,0,0,0,0,1,0,0,1,0,0,0,0
3,0,0,0,0,0,0,0,0,1,0,0,0,0,0,0,1
0,0,0,0,0,0,0,0,0,0,0,0,0,0,0,0,0
25,0,0,0,0,0,0,0,0,9,1,0,0,0,0,0,5
9,0,0,0,1,0,0,0,0,1,0,0,0,0,0,0,0
6,0,0,0,1,0,1,0,0,1,0,0,1,0,0,0,0
8,0,0,0,0,0,0,0,0,1,0,0,0,0,0,0,0
9,0,0,0,0,0,2,0,0,3,0,0,0,0,0,0,0
0,0,0,0,0,0,0,0,0,0,0,0,0,0,0,0,0
11,0,0,0,1,0,0,0,7,1,0,0,0,0,0,0,0
0,0,0,0,0,0,0,0,0,0,0,0,0,0,0,0,0
10,0,0,0,1,0,2,0,0,1,0,0,0,1,0,0,1
7,0,0,0,0,0,3,0,0,0,0,0,1,0,0,0,0
20,0,0,0,3,0,5,0,1,3,0,0,0,0,2,0,0
5,0,0,0,0,0,1,0,0,1,0,0,0,0,0,0,1
29,2,0,0,0,0,5,0,2,10,0,0,0,0,1,0,0
136,2,0,0,2,0,10,0,0,31,0,0,0,0,5,2,1
4,0,0,0,0,0,2,0,0,2,0,0,0,0,0,0,0
1,0,0,0,1,0,0,0,0,0,0,0,0,0,0,0,0
21,1,0,0,3,0,10,0,0,0,0,0,0,0,2,0,2
26,1,0,0,1,0,3,0,1,2,1,1,0,0,2,0,0
4,0,0,0,0,0,0,0,0,0,0,0,0,0,1,0,1
11,0,0,0,0,0,2,0,1,0,0,0,0,0,1,1,0
3,0,0,0,0,0,0,0,0,1,0,0,0,0,0,0,0
5,0,0,0,0,0,1,0,0,1,0,0,0,0,0,0,0
13,0,0,0,0,0,3,0,0,0,2,0,0,0,0,0,1
4,0,0,0,1,0,0,0,0,0,0,0,1,0,0,0,1
28,0,0,0,1,0,0,0,0,1,0,0,1,0,0,0,5
18,0,0,0,2,0,4,0,0,2,0,0,0,0,6,0,0
1,0,0,0,0,0,0,0,0,0,0,0,0,0,0,0,1
23,0,0,0,0,0,2,0,2,2,0,0,0,1,3,0,1
11,0,0,0,0,0,1,0,0,4,0,0,0,0,0,0,0
24,0,0,0,0,0,1,0,1,2,0,0,0,0,0,0,5
18,0,0,0,4,0,4,0,0,1,0,0,1,0,0,0,2
19,0,0,0,4,0,3,0,0,1,0,0,0,0,3,0,1
23,0,0,0,1,0,4,0,0,0,1,0,0,0,12,1,0
5,0,0,0,0,0,2,0,0,0,0,0,0,0,0,0,1
13,0,0,0,0,0,3,0,0,2,0,0,0,0,0,1,1
54,3,0,0,3,0,7,1,1,11,1,0,0,1,1,1,0
12,0,0,0,3,0,4,0,1,1,0,0,0,0,0,0,0
24,1,0,0,5,0,6,0,0,3,0,0,0,0,0,0,0
34,2,0,0,3,0,4,0,3,5,0,0,0,2,2,1,0
1,0,0,0,0,0,0,0,0,0,0,0,0,0,0,0,0
15,0,0,0,3,0,3,0,0,1,0,0,0,0,1,0,1
5,0,0,0,0,0,2,0,0,0,0,0,0,0,0,0,0
2,0,0,0,0,0,0,0,0,0,0,0,0,1,0,0,0
0,0,0,0,0,0,0,0,0,0,0,0,0,0,0,0,0
14,0,0,0,1,0,1,0,0,1,0,0,0,0,0,1,1
1,0,0,0,0,0,0,0,0,0,0,0,0,0,0,0,0
23,3,0,0,2,0,2,0,0,4,1,0,0,0,2,0,2
14,0,0,0,0,0,5,0,0,2,0,0,0,0,0,0,0
9,0,0,0,2,0,2,0,0,1,0,0,0,0,0,0,1
2,0,0,0,0,0,0,0,0,0,0,0,0,0,0,0,1
0,0,0,0,0,0,0,0,0,0,0,0,0,0,0,0,0
0,0,0,0,0,0,0,0,0,0,0,0,0,0,0,0,0
8,0,0,0,0,0,0,0,0,0,0,0,0,0,0,0,0
3,0,0,0,0,0,0,0,0,0,0,0,0,0,0,1,1
8,0,0,0,2,0,0,0,0,0,1,0,0,3,0,0,0
17,0,0,0,3,0,5,0,0,0,0,0,0,0,0,0,1
5,0,0,0,0,0,1,0,0,0,0,0,0,0,2,0,0
0,0,0,0,0,0,0,0,0,0,0,0,0,0,0,0,0
31,0,0,0,1,0,7,0,1,3,0,0,0,0,0,0,2
9,1,0,0,1,0,1,0,0,2,0,0,1,0,0,0,1
5,0,0,0,0,0,2,0,1,1,0,0,0,0,0,0,0
2,0,0,0,0,0,1,0,0,0,0,0,0,0,0,0,0
2,0,0,0,0,0,0,0,0,0,0,0,0,0,0,0,0
13,0,0,0,1,0,7,0,0,1,1,0,0,0,0,0,0
10,0,0,0,0,0,1,0,0,1,0,0,1,0,0,0,0
3,1,0,0,0,0,1,0,0,0,0,0,0,0,0,0,0
11,1,0,0,0,0,0,0,0,0,0,0,0,0,0,0,0
21,2,0,0,5,0,4,0,2,2,0,0,0,0,0,0,1
8,0,0,0,2,0,3,0,0,0,0,0,0,0,0,0,1
6,1,0,0,0,0,2,0,0,0,0,1,0,0,0,0,0
2,0,0,0,0,0,0,0,0,0,0,0,0,0,0,0,0
70,2,0,0,1,0,11,0,1,8,0,0,1,0,0,0,2
23,1,0,0,2,0,3,0,2,2,0,0,0,0,0,0,0
5,0,0,0,2,0,1,0,0,1,0,0,0,0,0,0,0
2,0,0,0,0,0,0,0,1,0,0,0,0,0,0,0,0
2,0,0,0,0,0,0,0,0,1,0,0,0,0,0,0,0
6,1,0,0,0,0,1,0,0,3,0,0,0,0,0,0,0
11,0,0,0,0,0,1,0,0,0,0,0,0,0,1,0,0
48,6,0,0,4,2,3,0,3,6,0,0,0,1,1,0,2
3,0,0,0,0,0,0,0,0,1,0,0,0,0,0,0,1
7,0,0,0,1,0,1,0,0,0,0,0,0,0,1,0,2
7,1,0,0,0,0,0,0,0,3,0,0,0,0,0,0,0
12,0,0,0,2,0,1,0,1,0,0,0,0,0,1,0,1
5,0,0,0,0,0,0,0,0,0,0,0,0,0,0,0,0
11,1,0,0,2,0,0,0,0,2,0,0,0,0,0,0,0
12,0,0,0,0,0,2,0,1,1,0,1,0,0,3,0,0
29,0,0,0,0,0,0,0,0,0,1,2,0,6,0,2,7
0,0,0,0,0,0,0,0,0,0,0,0,0,0,0,0,0
18,4,0,0,4,0,2,0,0,2,0,0,0,0,0,0,1
30,0,0,0,0,0,2,0,0,4,0,0,0,1,1,1,4
0,0,0,0,0,0,0,0,0,0,0,0,0,0,0,0,0
8,0,0,0,0,0,3,0,0,0,0,0,0,0,0,0,1
44,0,0,0,9,0,8,0,1,5,0,0,0,0,0,0,2
9,2,0,0,2,0,2,0,0,0,0,0,0,0,0,0,0
1,0,0,0,0,0,0,0,0,0,0,0,0,0,0,0,0
12,0,0,0,3,0,1,0,0,0,0,0,0,0,0,0,1
6,0,0,0,1,0,1,0,2,1,0,0,0,0,0,0,0
4,1,0,0,0,0,0,0,0,1,0,0,0,0,0,0,0
30,1,0,0,2,0,4,0,1,0,1,2,0,1,0,0,3
1,0,0,0,0,0,0,0,0,0,0,0,0,0,0,0,0
42,2,0,0,3,0,9,0,1,2,0,0,0,0,4,0,0
1,0,0,0,0,0,0,0,0,0,0,0,0,0,0,0,0
8,1,0,0,0,0,0,0,2,4,0,0,0,0,0,0,0
14,1,0,0,2,0,2,0,0,0,0,0,0,0,1,0,0
3,0,0,0,0,0,2,0,0,0,0,0,0,0,0,0,0
3,0,0,0,0,0,0,0,0,0,0,0,0,0,0,0,0
11,0,0,0,1,0,3,0,0,3,0,0,0,0,2,0,1
7,1,0,0,0,0,3,0,0,0,0,0,0,0,0,0,0
9,0,0,0,0,0,0,0,2,1,0,1,0,0,0,0,0
6,0,0,0,0,0,0,0,0,2,0,0,0,0,0,0,2
4,1,0,0,1,0,0,0,0,0,0,0,0,0,0,0,0
9,1,0,0,1,0,3,0,0,0,0,0,1,0,0,0,0
12,1,0,0,2,1,1,0,0,0,0,0,0,2,0,0,0
16,0,0,0,2,0,2,0,1,3,0,0,0,1,0,0,1
6,1,0,0,1,0,4,0,0,0,0,0,0,0,0,0,0
46,2,0,0,3,1,8,0,1,1,0,1,2,1,3,0,4
3,0,0,0,0,0,0,0,0,0,0,0,0,0,0,0,0
38,1,0,0,7,0,8,0,2,2,0,0,0,1,12,0,0
73,2,0,0,1,0,6,0,2,8,0,1,3,1,3,0,5
5,0,0,0,0,0,0,0,0,0,0,0,0,0,0,0,0
7,0,0,0,0,0,1,0,0,0,0,0,0,0,0,0,0
4,0,0,0,1,0,1,0,0,0,0,0,0,0,0,0,0
23,1,0,0,3,0,1,0,0,6,0,0,0,3,1,0,3
4,0,0,0,0,0,1,0,0,1,0,0,0,0,0,0,0
6,0,0,0,0,0,0,0,0,0,0,0,0,0,1,0,1
9,0,0,0,0,0,3,0,0,0,0,0,0,0,2,0,0
9,2,0,0,1,0,1,0,1,2,0,0,0,0,1,0,1
6,0,0,0,1,0,0,0,0,0,0,0,0,0,0,0,2
14,1,0,0,3,0,1,0,0,1,1,0,0,0,8,0,0
20,0,0,0,0,0,0,0,1,3,0,0,0,0,3,0,3
28,0,0,0,2,1,5,0,1,3,0,0,0,0,0,0,0
20,4,0,0,0,0,5,0,0,2,0,0,0,0,0,0,1
12,0,0,0,0,0,2,0,0,1,0,0,0,0,0,0,1
31,1,0,0,1,0,3,0,0,4,0,0,0,1,0,0,1
6,0,0,0,0,0,1,0,0,3,0,0,0,0,0,0,0
21,0,0,0,2,1,3,0,2,1,0,1,0,0,0,0,1
0,0,0,0,0,0,0,0,0,0,0,0,0,0,0,0,0
39,2,0,0,0,0,5,0,0,3,0,1,0,4,5,0,2
24,0,0,0,0,0,0,0,0,1,0,0,1,0,0,0,2
1,0,0,0,0,0,0,0,0,0,0,0,0,0,0,0,0
5,1,0,0,0,0,0,0,0,2,0,0,0,0,0,0,0
14,0,0,0,0,0,3,0,4,2,0,0,0,0,0,0,1
25,1,0,0,9,0,3,0,0,0,0,2,0,0,0,0,0
24,0,0,0,1,1,2,0,0,6,0,1,0,0,0,0,2
6,0,0,0,1,0,2,0,0,0,0,0,0,0,1,0,0
35,0,0,0,2,0,2,0,0,4,0,0,0,0,0,0,2
20,0,0,0,0,1,0,0,0,1,0,1,0,0,0,0,1
4,0,0,0,0,0,0,0,0,0,0,0,0,1,0,0,1
3,0,0,0,0,0,1,0,0,1,0,0,0,0,0,1,0
2,0,0,0,0,0,0,0,0,0,0,0,0,0,0,0,0
3,0,0,0,0,0,0,0,0,0,0,0,0,0,1,0,1
17,0,0,0,2,0,2,0,0,1,0,0,0,0,1,0,0
0,0,0,0,0,0,0,0,0,0,0,0,0,0,0,0,0
13,0,0,0,2,0,3,0,0,2,0,0,0,0,0,0,1
1,0,0,0,0,0,1,0,0,0,0,0,0,0,0,0,0
23,3,0,0,2,0,2,0,3,6,0,0,0,0,0,0,1
2,0,0,0,0,0,0,0,0,1,0,0,0,0,0,0,1
49,1,0,0,3,0,6,0,2,1,3,0,0,0,24,0,0
8,0,0,0,0,0,2,0,0,1,0,0,0,0,0,0,1
7,1,0,0,2,0,2,0,0,0,0,0,0,0,0,0,0
0,0,0,0,0,0,0,0,0,0,0,0,0,0,0,0,0
0,0,0,0,0,0,0,0,0,0,0,0,0,0,0,0,0
4,0,0,0,1,0,1,0,0,1,0,0,0,0,0,0,0
2,0,0,0,0,0,0,0,0,0,0,0,0,0,0,0,1
6,0,0,0,0,0,0,0,0,0,0,0,1,0,0,1,0
26,2,0,0,0,0,5,0,0,2,1,0,0,1,2,0,1
3,0,0,0,0,0,0,0,0,0,0,0,0,0,0,0,1
34,1,0,0,5,0,6,0,0,3,2,1,0,2,0,0,1
9,0,0,0,0,0,1,0,0,0,0,0,0,0,0,0,0
2,0,0,0,0,0,0,0,0,0,0,0,0,0,0,0,0
12,0,0,0,1,0,2,0,0,2,0,0,0,0,0,0,0
15,0,0,0,1,0,0,0,0,1,0,0,0,0,1,0,6
0,0,0,0,0,0,0,0,0,0,0,0,0,0,0,0,0
9,0,0,0,0,0,0,0,1,0,0,0,0,0,0,0,1
7,0,0,0,2,0,2,0,1,0,0,0,0,0,0,0,1
21,0,0,0,2,0,0,0,1,3,1,0,0,0,0,0,1
21,10,0,0,9,0,6,0,0,1,0,0,0,0,1,0,0
2,0,0,0,1,0,0,0,0,0,0,0,1,0,0,0,0
6,0,0,0,1,0,1,0,1,0,0,0,0,0,0,0,0
11,0,0,0,1,0,0,0,0,1,0,0,0,0,1,0,1
17,2,0,0,2,0,0,0,1,1,0,1,0,0,0,0,2
45,13,0,0,10,0,18,0,0,5,0,0,0,0,0,0,0
0,0,0,0,0,0,0,0,0,0,0,0,0,0,0,0,0
1,0,0,0,0,0,0,0,0,0,0,0,0,0,0,0,0
5,0,0,0,0,0,0,0,0,1,0,0,0,0,0,0,0
74,3,0,0,2,2,12,0,0,8,0,0,1,1,0,0,4
3,0,0,0,0,0,0,0,0,1,0,0,0,0,0,0,1
2,0,0,0,0,0,0,0,0,0,0,0,0,0,0,0,0
12,0,0,0,0,0,5,0,1,1,0,0,0,0,1,0,1
5,0,0,0,1,0,1,0,0,1,0,0,0,0,0,0,0
8,1,0,0,0,0,1,0,0,3,0,0,0,0,1,0,0
21,0,0,0,0,0,2,0,2,4,1,1,1,2,0,1,2
2,0,0,0,0,0,0,0,0,0,0,0,0,0,0,0,0
18,0,0,0,0,0,3,0,0,4,0,0,0,0,0,0,1
6,0,0,0,1,0,2,0,1,0,0,0,0,0,0,0,0
5,0,0,0,0,0,0,0,1,1,0,0,0,0,0,0,0
30,0,0,0,1,0,1,0,0,1,0,0,0,0,0,0,5
4,0,0,0,0,1,0,0,0,0,0,1,0,0,0,0,0
45,1,0,0,1,0,2,0,0,1,0,0,0,0,11,2,1
4,0,0,0,0,0,0,0,1,0,0,0,0,0,2,0,0
24,3,0,0,4,0,7,0,1,2,0,0,0,0,1,0,0
70,2,0,0,3,0,6,0,4,10,0,0,0,1,2,0,1
1,0,0,0,0,0,0,0,0,0,0,0,0,0,0,0,0
18,1,0,0,2,0,3,0,1,2,0,1,0,0,0,0,1
5,4,0,0,1,0,0,0,0,0,0,0,0,2,0,0,1
108,1,0,0,2,0,6,0,1,19,0,0,0,0,27,0,1
22,4,0,0,2,0,6,0,0,3,0,0,0,0,1,0,1
0,0,0,0,0,0,0,0,0,0,0,0,0,0,0,0,0
9,3,0,0,0,0,0,0,0,0,0,0,3,0,0,1,0
0,0,0,0,0,0,0,0,0,0,0,0,0,0,0,0,0
11,0,0,0,1,1,1,0,0,1,0,0,0,0,0,0,0
14,0,0,0,1,0,2,0,0,0,0,0,0,0,2,0,1
9,0,0,0,0,0,1,0,0,0,0,0,0,0,0,1,0
18,3,0,0,4,0,8,0,0,0,0,0,0,0,0,0,0
16,0,0,0,2,0,4,0,2,2,0,0,0,0,0,0,0
23,0,0,0,2,0,5,0,1,0,0,0,0,0,0,0,2
0,0,0,0,0,0,0,0,0,0,0,0,0,0,0,0,0
8,0,0,0,2,0,1,0,0,3,0,0,0,0,0,0,0
4,0,0,0,0,0,1,0,0,1,0,0,0,0,0,0,0
11,0,0,0,1,0,2,0,0,2,0,0,0,0,0,0,2
9,0,0,0,0,0,1,0,0,0,1,0,2,0,0,0,2
5,0,0,0,0,0,0,0,1,2,1,0,0,0,0,0,0
6,0,0,0,1,0,2,0,1,0,0,0,0,0,0,0,2
9,2,0,0,0,0,2,0,0,3,0,0,0,0,1,0,1
36,0,0,0,0,0,0,0,0,3,1,0,0,0,8,0,2
2,0,0,0,0,0,0,0,1,0,0,0,0,0,0,0,0
11,3,0,0,0,0,1,0,2,1,0,0,0,0,0,0,1
60,1,0,0,7,0,3,1,0,3,0,4,2,1,8,4,4
8,2,0,0,1,0,3,0,2,0,0,0,0,0,0,0,0
12,0,0,0,0,0,3,0,1,2,0,0,0,0,0,0,0
25,8,0,0,0,0,9,0,2,4,0,0,0,0,1,0,1
17,2,0,0,0,0,3,0,1,1,0,0,0,0,1,0,1
4,0,0,0,0,0,0,0,0,0,0,0,1,1,0,0,1
4,0,0,0,0,0,0,0,2,0,0,0,0,0,0,0,0
16,0,0,0,2,1,3,0,3,1,0,0,0,0,0,0,0
4,0,0,0,0,0,0,0,0,0,0,0,0,0,0,0,0
25,7,0,0,6,0,7,0,2,1,0,0,0,2,1,0,1
13,0,0,0,2,0,3,0,0,1,0,0,0,0,0,0,0
18,0,0,0,3,0,6,0,0,1,0,0,0,0,0,1,1
4,0,0,0,1,0,0,0,0,0,0,0,0,0,0,0,0
0,0,0,0,0,0,0,0,0,0,0,0,0,0,0,0,0
10,0,0,0,1,0,0,0,0,0,0,0,0,0,0,0,0
9,0,0,0,1,0,1,0,1,1,0,0,0,0,0,0,0
2,0,0,0,0,0,0,0,0,0,0,0,0,0,0,0,1
13,0,0,0,0,0,3,0,1,0,0,0,0,1,0,0,2
6,1,0,0,0,0,1,0,0,1,0,0,0,0,0,0,0
6,0,0,0,0,0,2,0,0,0,0,0,0,0,1,0,0
19,0,0,0,1,0,3,0,0,1,0,0,0,0,0,0,0
6,0,0,0,0,0,0,0,0,0,0,0,0,0,0,0,0
3,0,0,0,0,0,1,0,0,0,0,0,0,0,0,0,0
18,1,0,0,4,0,3,0,0,1,0,0,0,1,2,0,0
10,0,0,0,1,0,1,0,0,0,1,0,0,0,0,0,0
31,0,0,0,1,1,1,0,1,1,0,1,2,2,3,1,2
5,0,0,0,0,0,0,0,0,0,0,1,0,3,0,0,1
4,0,0,0,1,0,2,0,0,0,0,0,0,0,0,0,0
12,0,0,0,0,0,1,0,0,0,0,0,0,0,0,0,2
30,11,0,0,6,0,11,0,3,0,0,0,0,0,4,0,0
18,3,0,0,3,0,3,0,4,3,0,0,0,0,1,0,0
43,0,0,0,0,0,8,0,0,0,0,0,0,0,0,0,3
3,0,0,0,0,0,0,0,0,0,0,0,0,0,0,0,0
7,1,0,0,0,0,1,0,0,0,0,0,0,0,0,1,0
2,0,0,0,0,0,0,0,0,0,0,0,0,0,0,0,0
3,0,0,0,0,0,0,0,0,2,0,0,0,0,1,0,0
13,0,0,0,1,0,2,0,1,4,0,0,0,0,0,0,0
5,0,0,0,1,0,1,0,1,1,0,0,0,0,0,0,0
7,2,0,0,0,0,0,0,0,3,0,0,0,0,0,0,0
10,0,0,0,3,1,3,0,0,0,0,0,0,0,1,0,0
9,0,0,0,1,0,1,0,1,0,0,0,1,0,0,0,0
13,0,0,0,1,0,0,0,0,1,0,0,0,0,0,0,1
0,0,0,0,0,0,0,0,0,0,0,0,0,0,0,0,0
41,0,0,0,1,0,12,0,0,2,0,0,0,0,0,0,0
9,1,0,0,1,0,1,0,0,1,0,0,0,0,1,0,0
32,0,0,0,2,1,9,0,0,1,0,0,0,0,2,0,1
55,3,0,0,1,1,5,0,1,8,0,0,1,1,2,0,2
23,0,0,0,1,0,1,0,0,1,1,0,1,0,6,0,0
5,0,0,0,2,0,0,0,0,0,0,0,0,0,2,0,1
4,0,0,0,0,0,0,0,0,0,0,0,0,0,1,0,0
12,0,0,0,2,0,1,0,1,0,0,0,0,0,0,0,0
16,0,0,0,2,0,4,0,1,1,0,0,2,0,0,0,0
11,0,0,0,0,0,1,0,0,0,0,0,0,0,2,0,0
4,0,0,0,1,0,1,0,0,0,0,0,0,1,0,0,0
9,0,0,0,1,0,5,0,3,0,0,0,0,0,0,0,0
17,0,0,0,0,0,0,0,4,1,0,0,0,1,0,0,0
9,0,0,0,0,0,1,0,0,1,0,0,0,0,2,0,0
17,0,0,0,3,0,7,0,0,1,0,0,0,0,1,0,0
6,0,0,0,0,0,0,0,0,0,0,0,0,0,0,0,2
2,0,0,0,0,0,0,0,0,0,0,0,0,0,0,0,0
9,0,0,0,0,0,3,0,0,0,0,0,0,0,0,0,1
29,0,0,0,3,0,10,0,2,2,0,0,1,1,2,0,3
44,1,0,0,4,0,7,0,3,3,0,0,0,0,8,0,1
4,0,0,0,0,0,0,0,0,0,0,1,0,0,1,0,1
2,0,0,0,0,0,0,0,1,0,0,0,0,0,0,0,0
20,0,0,0,1,0,5,0,1,0,1,0,0,0,0,0,1
14,0,0,0,0,0,3,0,0,0,0,0,0,0,0,0,0
28,0,0,0,5,0,4,0,3,4,0,0,0,0,1,0,0
13,1,0,0,1,0,2,0,0,3,0,0,0,0,0,1,0
2,0,0,0,0,0,0,0,0,0,0,1,0,0,0,0,1
12,0,0,0,1,0,1,0,1,0,0,2,0,1,0,0,1
9,2,0,0,0,0,2,0,0,2,0,0,0,0,1,0,0
62,0,0,0,0,0,3,0,2,7,1,0,1,3,12,0,1
0,0,0,0,0,0,0,0,0,0,0,0,0,0,0,0,0
2,0,0,0,0,0,0,0,1,1,0,0,0,0,0,0,0
0,0,0,0,0,0,0,0,0,0,0,0,0,0,0,0,0
19,0,0,0,1,0,5,0,0,1,0,0,0,0,1,0,0
6,0,0,0,0,0,1,0,1,0,0,0,0,2,0,0,0
10,0,0,0,0,0,0,0,0,0,0,0,1,2,0,0,0
1,0,0,0,0,0,0,0,0,0,0,0,0,0,0,0,0
0,0,0,0,0,0,0,0,0,0,0,0,0,0,0,0,0
2,0,0,0,0,0,0,0,0,0,0,0,0,0,0,0,1
3,0,0,0,1,0,0,0,1,0,0,0,0,0,0,0,1
7,0,0,0,2,0,1,0,1,0,0,0,0,0,1,0,0
0,0,0,0,0,0,0,0,0,0,0,0,0,0,0,0,0
30,1,0,0,2,0,9,0,6,2,0,1,0,0,0,0,0
4,0,0,0,0,0,1,0,0,0,0,0,0,0,0,0,0
39,0,0,0,1,0,9,0,1,6,0,0,0,0,1,0,0
44,1,0,0,2,0,2,0,0,3,0,0,2,1,1,1,9
5,0,0,0,0,0,0,0,0,0,0,0,0,1,0,0,0
17,0,0,0,5,0,1,0,1,0,0,0,0,1,1,0,1
11,0,0,0,1,0,0,0,2,0,0,0,0,0,2,0,0
21,0,0,0,2,0,1,0,0,5,0,0,0,2,0,0,1
2,0,0,0,0,0,0,0,0,0,0,0,0,0,0,0,0
32,0,0,0,3,0,1,0,3,1,1,0,1,2,0,0,3
24,1,0,0,2,0,1,0,2,2,0,0,0,0,4,0,0
0,0,0,0,0,0,0,0,0,0,0,0,0,0,0,0,0
0,0,0,0,0,0,0,0,0,0,0,0,0,0,0,0,0
48,3,0,0,5,1,9,0,0,8,0,0,1,0,5,0,1
26,0,0,0,0,0,2,0,1,1,1,1,0,2,3,1,0
1,0,0,0,0,0,0,0,0,0,0,0,0,0,1,0,0
25,2,0,0,1,0,1,0,0,3,0,2,1,0,0,0,2
7,0,0,0,0,0,0,0,0,0,0,0,0,2,0,0,2
3,0,0,0,0,0,1,0,0,0,0,0,0,0,0,0,1
1,0,0,0,0,0,0,0,0,0,0,0,0,0,0,0,0
9,0,0,0,1,0,0,0,1,0,0,0,0,0,0,0,0
8,1,0,0,0,0,0,0,0,2,0,0,0,1,1,0,0
0,0,0,0,0,0,0,0,0,0,0,0,0,0,0,0,0
12,0,0,0,1,0,2,0,0,1,0,0,0,0,0,0,1
5,1,0,0,0,0,0,0,0,4,0,0,0,0,0,0,1
6,0,0,0,0,0,2,0,0,2,0,0,0,0,0,0,0
2,0,0,0,0,0,0,0,0,0,0,0,0,0,0,0,1
5,0,0,0,2,0,0,0,0,1,0,0,0,0,0,0,0
1,0,0,0,0,0,0,0,0,0,0,0,0,0,0,0,0
1,0,0,0,0,0,0,0,0,0,0,0,0,0,0,0,0
32,0,0,0,1,0,6,0,0,3,0,1,0,0,0,0,0
11,0,0,0,0,0,3,0,2,0,0,0,0,0,1,0,0
43,0,0,0,3,0,5,0,7,5,0,1,0,0,4,0,2
1,0,0,0,0,0,0,0,0,0,0,0,0,0,0,0,0
23,0,0,0,2,0,4,1,0,0,0,2,2,2,0,1,1
6,0,0,0,0,0,0,0,0,0,0,0,0,0,0,0,0
0,0,0,0,0,0,0,0,0,0,0,0,0,0,0,0,0
6,0,0,0,1,0,1,0,0,0,0,0,0,0,0,0,2
58,2,0,0,5,0,8,0,1,5,1,2,0,1,4,1,5
20,0,0,0,0,1,1,0,0,5,0,0,0,0,1,1,0
22,0,0,0,0,0,6,0,2,1,0,0,0,0,1,0,0
0,0,0,0,0,0,0,0,0,0,0,0,0,0,0,0,0
21,0,0,0,5,0,6,0,2,0,0,0,1,0,0,0,0
1,0,0,0,0,0,0,0,0,0,0,0,0,0,0,0,0
6,0,0,0,0,0,2,0,0,0,0,0,0,0,2,0,0
2,0,0,0,0,0,0,0,0,1,0,0,0,0,0,0,0
6,0,0,0,2,0,0,0,0,2,0,0,0,0,0,0,0
6,0,0,0,2,0,1,0,0,0,0,0,0,0,0,0,0
16,0,0,0,2,0,1,0,2,0,0,0,0,1,0,0,0
13,0,0,0,0,0,1,0,0,2,0,0,0,0,1,0,0
0,0,0,0,0,0,0,0,0,0,0,0,0,0,0,0,0
13,0,0,0,0,0,1,0,0,0,0,0,1,0,1,1,0
25,0,0,0,3,0,5,0,0,3,0,1,0,0,0,0,0
7,1,0,0,1,0,2,0,0,0,0,0,1,0,0,0,0
1,0,0,0,1,0,0,0,0,0,0,0,0,0,0,0,0
5,0,0,0,0,0,0,0,1,1,0,0,0,0,3,0,0
5,0,0,0,0,0,0,0,0,0,0,0,0,0,0,0,0
1,0,0,0,0,0,0,0,0,0,0,0,0,0,0,0,0
4,0,0,0,0,0,2,0,0,0,0,0,0,0,0,0,0
6,0,0,0,1,0,0,0,0,0,0,0,0,0,2,0,0
0,0,0,0,0,0,0,0,0,0,0,0,0,0,0,0,0
28,3,0,0,4,2,7,0,1,6,0,0,0,0,0,0,0
6,0,0,0,0,0,0,0,0,3,0,0,0,0,1,0,0
3,0,0,0,0,0,0,0,0,0,0,0,0,0,0,0,1
4,0,0,0,0,1,1,0,1,0,0,0,0,0,0,0,0
8,0,0,0,0,0,1,0,1,0,0,0,0,0,0,0,0
14,0,0,0,0,0,0,0,0,1,1,0,0,0,0,0,0
2,0,0,0,0,0,0,0,0,0,0,0,0,0,0,0,0
6,0,0,0,1,0,2,0,0,0,0,0,0,0,1,0,1
34,0,0,0,0,0,4,0,2,4,1,0,0,1,4,0,0
8,0,0,0,2,0,3,0,0,0,0,1,0,0,0,0,0
9,0,0,0,3,0,2,0,0,0,0,0,1,0,0,0,0
16,1,0,0,5,0,3,0,2,0,0,0,0,0,1,0,2
9,0,0,0,0,0,0,0,0,1,0,0,0,0,0,0,0
8,0,0,0,1,0,2,0,0,3,0,0,0,0,0,0,0
13,0,0,0,0,0,0,0,2,1,2,0,0,0,0,1,0
13,0,0,0,1,0,1,0,0,2,1,0,0,0,0,0,0
32,0,0,0,1,0,9,0,0,3,3,0,0,0,4,0,1
23,0,0,0,0,0,9,0,1,0,1,0,0,0,3,0,0
13,1,0,0,1,0,0,0,4,0,0,0,0,0,0,0,1
5,0,0,0,1,0,3,0,0,0,0,0,0,0,1,0,0
8,0,0,0,2,0,2,0,1,0,0,0,0,0,0,0,0
12,0,0,0,2,0,0,0,0,1,1,0,0,0,0,0,0
12,0,0,0,0,0,3,0,0,1,0,0,0,0,0,0,0
16,0,0,0,0,1,0,0,0,2,0,0,0,0,0,0,0
1,0,0,0,0,0,0,0,0,0,0,0,0,0,0,0,1
1,0,0,0,0,0,0,0,0,0,0,0,0,0,0,0,0
7,0,0,0,0,1,2,0,0,0,0,0,0,0,2,0,0
7,1,0,0,0,0,0,0,0,0,0,0,0,0,0,0,0
2,0,0,0,0,0,0,0,0,0,0,0,0,0,0,0,1
5,0,0,0,0,0,0,0,0,0,0,3,0,0,0,0,0
15,1,0,0,1,0,3,0,1,1,0,0,0,0,1,0,0
23,1,0,0,2,0,3,1,0,2,1,1,0,1,1,0,0
18,2,0,0,5,0,1,0,0,2,0,0,0,0,0,0,1
6,0,0,0,1,0,1,0,1,0,0,0,0,0,0,0,0
13,0,0,0,0,0,3,0,1,1,0,0,0,0,1,0,3
16,0,0,0,0,0,8,0,0,0,0,0,0,0,0,0,0
27,0,0,0,2,0,11,0,0,2,0,2,0,0,2,1,1
0,0,0,0,0,0,0,0,0,0,0,0,0,0,0,0,0
14,0,0,0,1,0,3,0,0,0,0,0,0,0,3,0,0
35,0,0,0,2,1,5,0,1,2,0,1,0,0,3,0,1
1,0,0,0,0,0,1,0,0,0,0,0,0,0,0,0,0
6,0,0,0,0,0,0,0,0,0,0,0,0,0,0,0,0
33,2,0,0,6,2,5,1,1,0,0,2,1,1,1,0,1
19,0,0,0,1,0,2,0,2,3,0,0,0,2,1,0,0
9,0,0,0,1,0,2,0,0,2,0,0,0,0,0,0,1
18,0,0,0,5,0,3,0,1,1,0,0,0,0,0,0,0
6,0,0,0,1,0,4,0,0,0,0,0,0,0,1,0,0
218,2,0,0,9,0,29,0,7,36,2,1,1,1,17,0,5
1,0,0,0,0,0,0,0,0,0,0,0,0,0,0,0,0
16,0,0,0,1,0,4,0,2,2,0,1,0,0,0,0,0
7,0,0,0,0,0,2,0,0,1,0,0,0,0,2,0,0
11,0,0,0,1,1,4,0,1,0,0,0,0,0,0,0,0
2,0,0,0,0,0,0,0,0,1,0,0,0,0,0,0,1
29,0,0,0,1,0,6,0,1,2,0,0,0,2,1,0,2
15,0,0,0,1,0,6,0,3,0,1,1,0,0,0,0,0
4,0,0,0,0,0,2,0,0,0,0,0,0,0,0,0,0
9,0,0,0,1,0,1,0,0,2,0,0,0,0,1,0,2
0,0,0,0,0,0,0,0,0,0,0,0,0,0,0,0,0
10,0,0,0,0,0,2,0,0,2,0,0,0,0,3,0,0
30,1,0,0,2,0,1,0,1,6,0,0,0,0,1,0,1
57,3,0,0,8,0,4,0,2,5,0,4,2,1,2,0,2
16,0,0,0,3,1,2,0,0,0,0,2,0,0,0,1,0
2,0,0,0,0,0,0,0,0,0,0,0,1,0,0,0,0
0,0,0,0,0,0,0,0,0,0,0,0,0,0,0,0,0
5,0,0,0,0,0,0,0,0,2,0,0,0,0,0,0,0
31,0,0,0,5,0,8,0,0,2,0,2,1,1,1,1,0
18,0,0,0,4,1,7,0,0,0,0,0,0,0,1,0,0
10,0,0,0,1,0,5,0,0,0,0,0,0,0,0,0,0
26,1,0,0,2,0,6,0,0,2,0,0,0,0,0,0,3
15,0,0,0,1,2,5,0,1,0,0,1,0,0,0,0,0
20,0,0,0,3,0,8,1,1,0,0,0,0,0,0,0,1
19,0,0,0,4,0,6,0,3,1,0,0,0,0,1,0,0
0,0,0,0,0,0,0,0,0,0,0,0,0,0,0,0,0
7,0,0,0,0,0,1,0,0,0,0,0,0,2,0,0,0
21,0,0,0,1,0,4,0,2,1,0,0,0,0,4,0,0
22,0,0,0,1,0,1,0,0,2,1,0,2,0,0,0,4
0,0,0,0,0,0,0,0,0,0,0,0,0,0,0,0,0
24,0,0,0,1,0,8,1,0,0,0,2,0,0,2,2,0
24,0,0,0,2,1,2,0,1,3,0,0,1,0,2,0,0
21,1,0,0,8,0,4,0,0,1,0,0,0,0,1,1,0
17,0,0,0,0,0,2,0,2,0,0,0,0,0,3,0,0
7,0,0,0,0,0,3,0,1,0,0,0,0,0,0,0,0
18,0,0,0,6,0,10,0,0,0,0,0,0,0,0,0,0
37,0,0,0,2,0,5,2,0,2,0,0,0,0,0,0,0
37,2,0,0,4,2,9,1,1,0,0,6,0,0,0,0,2
47,0,0,0,6,0,18,0,1,8,0,0,0,0,3,0,0
9,0,0,0,0,0,1,0,0,0,0,0,0,0,3,0,0
51,1,0,0,6,0,11,0,1,7,0,1,3,2,1,0,0
6,0,0,0,1,0,1,0,0,0,0,2,0,0,0,0,0
11,0,0,0,1,1,3,0,0,2,0,0,0,0,0,0,1
0,0,0,0,0,0,0,0,0,0,0,0,0,0,0,0,0
11,0,0,0,1,0,0,0,0,3,0,0,0,1,1,0,1
4,0,0,0,1,0,0,0,0,0,0,1,0,0,0,0,2
5,1,0,0,2,0,2,0,0,0,0,0,0,0,0,0,0
44,0,0,0,3,1,6,0,1,0,0,0,0,6,0,1,4
1,0,0,0,0,0,0,0,0,0,0,0,0,0,0,0,1
12,0,0,0,2,0,0,0,2,1,0,0,0,0,3,2,1
19,0,0,0,1,0,4,0,0,4,0,0,0,1,1,0,2
11,0,0,0,1,0,8,0,0,0,0,0,0,0,0,0,0
7,0,0,0,0,0,1,0,1,0,0,0,0,0,1,0,0
4,0,0,0,2,0,1,0,0,0,0,0,0,0,0,0,0
23,0,0,0,4,0,6,0,2,3,0,0,0,2,1,0,1
60,4,0,0,1,0,13,0,0,4,0,0,0,0,0,0,3
21,1,0,0,4,0,1,0,0,0,0,5,1,0,2,0,1
17,0,0,0,4,0,5,0,0,0,0,1,0,0,2,0,0
1,0,0,0,0,0,0,0,0,0,0,0,0,0,0,1,0
9,0,0,0,1,0,1,0,0,0,0,0,0,0,0,0,2
8,1,0,0,2,2,1,0,1,0,0,0,0,0,0,0,0
59,0,0,0,5,0,7,0,3,7,0,0,1,0,7,0,0
31,0,0,0,2,0,1,0,1,5,0,0,2,0,3,1,0
18,0,0,0,2,0,1,0,0,1,0,0,0,0,0,0,0
33,2,0,0,0,0,3,0,0,3,0,0,0,0,0,0,2
7,1,0,0,0,3,2,0,0,0,0,0,0,0,0,1,0
6,0,0,0,2,0,0,0,0,2,0,0,0,0,0,0,0
4,0,0,0,0,0,0,0,1,0,0,0,0,0,0,0,0
12,0,0,0,0,0,4,0,0,4,1,0,0,0,0,0,1
31,0,0,0,2,1,1,0,0,4,0,0,0,2,10,0,1
4,0,0,0,1,0,1,0,0,0,0,0,0,0,0,0,0
1,0,0,0,0,0,0,0,0,1,0,0,0,0,0,0,0
0,0,0,0,0,0,0,0,0,0,0,0,0,0,0,0,0
16,0,0,0,0,0,7,0,1,5,0,1,1,0,0,0,0
9,0,0,0,0,0,1,0,1,1,0,0,0,0,1,0,0
14,0,0,0,1,0,5,0,0,2,0,0,0,0,2,0,0
26,0,0,0,5,0,12,0,0,2,0,0,1,0,0,0,0
4,0,0,0,0,0,1,0,0,1,0,0,0,0,0,0,0
12,0,0,0,2,0,4,0,0,1,0,0,0,0,0,0,1
0,0,0,0,0,0,0,0,0,0,0,0,0,0,0,0,0
100,0,0,0,5,1,12,0,3,14,1,0,0,1,10,1,1
9,0,0,0,0,0,1,0,0,0,0,0,0,0,0,0,1
27,0,0,0,1,0,8,0,2,3,0,0,0,0,0,0,0
7,0,0,0,2,1,4,0,0,0,0,0,0,0,0,0,0
1,0,0,0,0,0,0,0,0,0,0,0,0,0,0,0,0
2,0,0,0,0,0,0,0,0,0,0,0,0,0,0,0,0
2,0,0,0,0,0,2,0,0,0,0,0,0,0,0,0,0
70,0,0,0,8,2,11,1,5,2,1,1,2,1,5,0,2
7,0,0,0,1,0,0,0,0,1,0,0,1,0,0,0,0
0,0,0,0,0,0,0,0,0,0,0,0,0,0,0,0,0
11,0,0,0,4,1,6,0,0,0,0,0,0,0,0,0,0
15,0,0,0,1,0,1,0,0,0,0,0,0,0,2,0,1
0,0,0,0,0,0,0,0,0,0,0,0,0,0,0,0,0
0,0,0,0,0,0,0,0,0,0,0,0,0,0,0,0,0
22,0,0,0,1,0,2,0,1,2,0,0,0,1,6,0,0
33,0,0,0,3,0,6,0,1,2,0,1,0,2,2,0,0
28,0,0,0,4,2,10,0,0,1,0,0,0,1,2,1,1
93,1,0,0,9,2,1,0,1,17,2,0,1,1,8,1,1
7,0,0,0,0,0,3,0,0,2,0,0,0,0,0,0,0
25,0,0,0,0,0,2,0,1,4,0,0,0,0,0,0,0
29,0,0,0,1,0,10,0,0,5,0,0,0,0,0,0,0
18,0,0,0,4,0,6,0,0,0,1,1,0,0,1,0,0
6,0,0,0,0,0,1,0,0,0,0,0,0,0,0,0,1
12,0,0,0,0,0,1,0,0,1,0,0,0,0,1,0,1
35,0,0,0,6,1,1,0,3,0,0,1,0,1,2,0,0
5,0,0,0,0,0,2,0,0,0,0,0,0,0,0,0,0
35,0,0,0,0,0,4,0,0,1,0,2,1,2,1,0,3
11,0,0,0,0,0,1,0,2,0,0,0,0,0,1,0,0
5,0,0,0,0,0,0,0,0,0,0,0,0,1,0,0,1
0,0,0,0,0,0,0,0,0,0,0,0,0,0,0,0,0
0,0,0,0,0,0,0,0,0,0,0,0,0,0,0,0,0
15,0,0,0,5,0,5,1,0,0,0,0,0,0,0,0,0
4,0,0,0,0,0,0,0,0,0,0,0,0,0,2,0,0
24,0,0,0,3,0,2,0,3,5,0,0,0,0,0,0,1
22,0,0,0,0,0,1,0,0,9,0,0,0,1,0,0,1
31,0,0,0,0,0,0,0,0,4,0,0,0,0,2,0,0
12,0,0,0,0,0,1,0,0,0,0,0,0,0,2,0,0
44,0,0,0,0,0,2,0,1,8,0,0,0,1,3,0,1
5,0,0,0,0,0,0,0,0,0,0,0,0,0,0,0,1
33,0,0,0,7,0,9,0,0,1,0,1,1,1,2,0,0
6,1,0,0,1,0,1,0,0,0,0,0,0,0,0,0,0
1,0,0,0,0,0,0,0,0,0,0,0,0,0,0,0,1
59,0,0,0,3,0,9,0,7,3,1,0,0,5,6,2,3
110,0,0,0,4,0,1,0,1,23,0,0,0,4,11,1,1
0,0,0,0,0,0,0,0,0,0,0,0,0,0,0,0,0
8,1,0,0,0,2,2,0,0,2,0,0,0,0,0,0,0
8,0,0,0,0,0,0,0,0,0,0,0,0,0,0,0,1
9,0,0,0,0,0,0,0,0,4,0,0,0,1,0,0,0
5,0,0,0,0,0,0,0,0,0,0,0,0,0,1,0,0
25,0,0,0,2,0,6,0,0,5,0,0,0,0,5,0,1
1,1,0,0,0,0,0,0,0,0,0,0,0,0,0,0,0
22,0,0,0,3,0,6,0,1,1,0,0,0,0,2,0,0
48,1,0,0,9,1,12,0,0,1,0,1,0,0,1,1,3
13,0,0,0,0,0,4,0,1,0,0,0,0,0,2,0,0
4,0,0,0,0,0,0,0,0,0,0,0,1,0,0,0,0
13,0,0,0,0,0,2,0,0,0,0,0,0,0,1,1,3
26,0,0,0,0,0,9,0,2,3,0,0,0,2,2,0,2
16,0,0,0,1,0,3,0,2,0,0,0,0,0,1,0,1
61,0,0,0,6,1,13,0,4,13,0,0,0,0,2,0,0
6,0,0,0,0,0,0,0,0,0,0,0,0,0,2,0,0
5,0,0,0,0,0,2,0,0,1,0,0,0,0,0,0,0
42,0,0,0,1,0,13,0,1,7,0,0,0,0,0,1,4
7,0,0,0,0,0,4,0,2,0,0,0,0,0,0,0,0
80,2,0,0,0,1,4,0,3,19,0,0,0,0,5,2,2
30,0,0,0,0,0,4,0,3,2,0,0,0,0,5,0,0
0,0,0,0,0,0,0,0,0,0,0,0,0,0,0,0,0
19,0,0,0,3,0,1,0,2,1,0,0,0,0,2,0,2
1,0,0,0,0,0,0,0,0,0,0,0,0,0,0,0,0
0,0,0,0,0,0,0,0,0,0,0,0,0,0,0,0,0
1,0,0,0,0,0,0,0,0,0,0,0,0,0,0,0,0
0,0,0,0,0,0,0,0,0,0,0,0,0,0,0,0,0
16,2,0,0,1,0,1,0,0,5,0,0,1,0,0,0,0
26,0,0,0,1,0,3,0,4,5,0,0,0,0,2,0,0
22,0,0,0,3,0,6,0,4,0,0,0,0,0,0,0,2
7,0,0,0,2,0,2,0,0,2,0,0,0,0,0,0,0
106,1,0,0,4,0,4,1,0,1,1,6,1,2,3,0,6
70,0,0,0,1,0,4,0,2,16,0,0,0,0,10,0,1
20,0,0,0,1,0,3,0,2,1,0,0,0,0,0,0,0
3,0,0,0,0,0,0,0,0,0,0,0,0,0,0,0,1
5,0,0,0,0,0,0,0,0,0,0,1,0,0,0,0,0
3,0,0,0,0,0,0,0,0,1,0,0,0,0,0,0,0
17,0,0,0,2,0,2,0,1,3,0,0,0,0,3,0,0
5,0,0,0,0,0,0,0,1,0,0,0,0,1,0,0,0
6,0,0,0,0,0,0,0,0,0,0,0,0,0,0,0,0
22,0,0,0,2,0,4,0,2,0,1,0,0,0,3,0,0
5,0,0,0,0,0,1,0,0,0,0,0,0,0,1,0,0
10,0,0,0,1,1,0,0,0,0,0,2,1,1,1,0,0
10,0,0,0,1,0,0,1,0,2,0,0,0,1,0,0,0
17,0,0,0,2,0,1,0,1,1,0,0,0,1,5,0,0
16,1,0,0,0,1,4,0,1,2,0,0,0,0,3,0,0
1,0,0,0,0,0,0,0,0,0,0,0,0,0,1,0,0
26,1,0,0,3,0,1,0,0,5,0,0,0,0,2,0,2
10,0,0,0,1,0,2,0,0,1,1,0,0,0,0,0,1
0,0,0,0,0,0,0,0,0,0,0,0,0,0,0,0,0
5,0,0,0,2,0,0,0,0,2,0,0,0,0,0,0,0
65,1,0,0,1,1,4,0,1,9,0,0,0,1,8,1,0
3,0,0,0,0,0,0,0,0,1,0,0,0,0,0,0,0
37,1,0,0,1,0,8,0,3,3,0,0,0,0,2,1,2
31,0,0,0,2,0,7,0,4,3,0,0,0,0,0,0,1
8,0,0,0,1,0,1,0,0,0,0,0,0,0,4,0,0
7,1,0,0,0,0,3,0,0,1,0,0,0,0,1,0,0
382,3,0,0,19,2,27,0,9,83,3,4,0,7,46,1,11
0,0,0,0,0,0,0,0,0,0,0,0,0,0,0,0,0
47,0,0,0,2,1,7,0,3,9,0,0,0,0,6,0,0
10,0,0,0,0,0,0,0,0,1,0,0,0,0,8,0,0
0,0,0,0,0,0,0,0,0,0,0,0,0,0,0,0,0
4,0,0,0,0,0,0,0,0,0,0,0,0,0,3,0,0
49,0,0,0,2,0,4,0,4,3,1,0,0,0,1,0,6
11,0,0,0,0,0,0,0,1,1,0,0,0,0,2,0,0
2,0,0,0,0,0,0,0,0,0,0,0,0,0,0,0,1
0,0,0,0,0,0,0,0,0,0,0,0,0,0,0,0,0
5,0,0,0,0,0,0,0,1,0,0,0,0,0,1,0,0
2,0,0,0,0,0,1,0,0,0,0,0,0,0,0,0,0
0,0,0,0,0,0,0,0,0,0,0,0,0,0,0,0,0
7,0,0,0,0,0,0,0,0,0,0,0,0,0,1,0,1
19,0,0,0,0,1,4,0,2,1,0,0,0,1,1,0,0
4,0,0,0,0,0,0,0,0,0,0,0,0,0,0,0,2
62,1,0,0,0,0,12,0,0,3,0,0,0,0,0,0,1
2,0,0,0,0,0,0,0,0,0,0,0,0,0,0,0,0
6,0,0,0,2,0,0,0,0,0,0,0,0,0,1,0,0
6,1,0,0,0,1,0,0,0,2,0,0,0,0,0,0,0
6,0,0,0,1,0,0,0,0,0,0,0,1,0,1,0,0
3,0,0,0,0,0,0,0,0,0,0,0,0,0,0,0,0
11,0,0,0,2,0,1,0,0,2,0,0,0,0,1,0,0
9,0,0,0,1,0,2,0,0,0,0,0,0,1,1,0,1
2,0,0,0,0,0,0,0,0,0,0,0,0,0,1,0,0
4,0,0,0,0,0,0,0,0,0,0,0,0,0,0,0,1
10,0,0,0,0,2,1,0,0,1,0,0,0,0,0,0,0
25,0,0,0,0,0,5,0,2,2,0,0,0,0,3,0,1
73,0,0,0,11,0,13,0,2,6,1,1,0,0,0,0,10
29,0,0,0,1,0,2,0,2,2,1,0,0,1,2,0,4
0,0,0,0,0,0,0,0,0,0,0,0,0,0,0,0,0
0,0,0,0,0,0,0,0,0,0,0,0,0,0,0,0,0
2,0,0,0,0,0,0,0,0,0,0,0,0,0,0,0,0
0,0,0,0,0,0,0,0,0,0,0,0,0,0,0,0,0
5,1,0,0,2,0,0,0,0,0,0,0,0,0,0,0,0
1,0,0,0,0,0,0,0,0,0,0,0,0,0,0,0,0
5,0,0,0,2,0,1,0,0,0,0,0,0,0,0,0,0
3,0,0,0,0,0,0,0,0,0,0,0,0,0,0,0,1
4,0,0,0,0,0,1,0,1,0,0,0,0,0,0,0,1
1,0,0,0,0,0,0,0,0,0,0,0,0,0,0,0,0
42,0,0,0,1,1,1,0,0,12,0,0,0,0,1,1,4
0,0,0,0,0,0,0,0,0,0,0,0,0,0,0,0,0
2,0,0,0,1,0,0,0,0,0,0,0,0,0,0,0,0
0,0,0,0,0,0,0,0,0,0,0,0,0,0,0,0,0
5,0,0,0,0,0,1,0,2,0,0,0,0,0,0,0,0
7,0,0,0,1,0,0,0,0,0,0,0,0,0,0,0,1
1,0,0,0,0,0,0,0,0,0,0,0,0,0,0,0,0
3,0,0,0,0,0,0,0,0,0,0,0,0,0,0,0,0
4,0,0,0,0,0,0,0,0,0,0,0,0,1,1,0,0
2,0,0,0,0,0,0,0,0,0,0,0,1,0,0,0,0
0,0,0,0,0,0,0,0,0,0,0,0,0,0,0,0,0
14,0,0,0,6,0,1,0,0,3,1,0,0,0,0,0,0
8,0,0,0,1,0,1,0,0,1,0,0,0,0,0,0,1
6,0,0,0,0,0,4,0,0,0,0,0,0,0,0,0,0
9,0,0,0,2,0,0,0,0,2,0,0,0,0,0,0,3
26,0,0,0,0,0,9,0,0,1,0,0,0,0,1,1,0
1,0,0,0,0,0,0,0,0,0,0,0,0,0,0,0,0
1,0,0,0,0,0,0,0,0,0,0,0,0,0,0,0,0
3,0,0,0,0,0,0,0,0,0,0,1,0,0,0,0,0
11,0,0,0,1,0,1,0,1,0,0,0,0,0,0,0,2
10,0,0,0,0,0,1,0,0,0,0,0,0,0,2,0,0
0,0,0,0,0,0,0,0,0,0,0,0,0,0,0,0,0
5,0,0,0,3,0,1,0,0,0,0,0,0,0,1,0,0
13,0,0,0,0,0,1,0,0,0,0,0,0,0,0,0,0
3,0,0,0,0,0,0,0,0,0,0,0,0,0,0,0,0
11,0,0,0,0,0,1,0,2,4,0,0,0,0,0,0,0
3,0,0,0,0,0,0,0,0,0,0,0,0,0,0,0,0
108,3,0,0,5,1,6,3,0,27,2,3,0,1,11,1,5
2,0,0,0,0,0,0,0,0,0,0,0,0,0,0,0,0
1,0,0,0,0,0,0,0,0,0,0,0,0,0,0,0,0
38,1,0,0,0,1,2,0,0,2,0,3,3,1,3,0,1
13,0,0,0,0,1,2,0,0,0,0,0,0,0,0,0,2
1,0,0,0,0,0,0,0,0,0,0,0,0,0,0,0,0
8,0,0,0,2,0,0,0,2,2,0,0,0,0,0,0,0
3,0,0,0,0,0,0,0,2,0,0,0,0,0,0,1,0
66,1,0,0,0,0,5,0,1,10,0,0,0,1,4,1,0
40,0,0,0,3,0,8,0,3,7,0,0,0,2,1,0,1
6,0,0,0,0,0,2,0,0,0,0,0,0,0,0,0,1
30,0,0,0,0,0,10,0,0,2,0,0,0,0,1,0,1
1,0,0,0,0,0,0,0,0,0,0,0,0,0,0,0,0
4,0,0,0,0,0,1,0,0,1,0,0,0,0,0,0,0
10,0,0,0,1,0,2,0,0,0,0,0,0,0,2,0,1
18,0,0,0,0,0,6,0,0,0,0,0,0,0,2,0,0
7,0,0,0,0,0,1,0,0,1,0,1,0,0,1,2,0
17,0,0,0,1,0,3,0,0,6,0,0,1,0,1,0,1
22,2,0,0,2,0,10,0,0,0,0,0,0,0,0,0,0
0,0,0,0,0,0,0,0,0,0,0,0,0,0,0,0,0
2,0,0,0,0,0,0,0,0,0,0,0,0,0,0,0,0
45,0,0,0,0,0,4,0,1,6,1,0,0,0,5,0,0
15,1,0,0,1,0,4,0,0,4,0,0,0,0,0,0,0
34,3,0,0,2,0,2,0,0,2,3,1,0,1,0,0,3
52,2,0,0,5,0,6,0,2,8,2,1,0,1,0,1,0
1,0,0,0,0,0,0,0,0,0,0,0,0,0,0,0,0
0,0,0,0,0,0,0,0,0,0,0,0,0,0,0,0,0
3,0,0,0,0,0,0,0,0,0,0,0,1,0,0,0,0
12,0,0,0,0,0,1,0,1,2,0,0,0,0,1,0,1
3,0,0,0,0,0,0,0,0,0,0,0,0,0,1,0,0
2,0,0,0,0,0,0,0,0,0,0,0,0,0,0,0,1
5,0,0,0,0,0,0,0,1,1,0,0,0,0,0,0,0
9,1,0,0,0,0,1,0,0,1,0,0,0,0,0,0,0
13,0,0,0,0,0,4,0,0,0,0,0,0,0,0,0,0
1,0,0,0,0,0,1,0,0,0,0,0,0,0,0,0,0
35,0,0,0,4,0,5,0,0,10,0,0,0,0,5,0,0
11,0,0,0,2,0,2,0,1,1,0,1,0,0,0,0,0
9,0,0,0,0,0,1,0,2,0,0,0,0,0,0,0,0
4,0,0,0,0,0,0,0,0,0,0,0,0,0,0,0,0
8,0,0,0,0,0,0,0,0,0,0,0,0,1,0,0,1
0,0,0,0,0,0,0,0,0,0,0,0,0,0,0,0,0
0,0,0,0,0,0,0,0,0,0,0,0,0,0,0,0,0
8,0,0,0,0,0,0,0,0,0,1,0,0,0,3,0,0
10,0,0,0,0,0,1,0,0,2,0,0,0,0,0,0,0
9,0,0,0,1,0,2,0,0,1,0,0,0,0,0,0,2
27,0,0,0,1,0,12,0,1,2,0,0,0,0,0,0,1
2,0,0,0,0,0,1,0,0,1,0,0,0,0,0,0,0
106,0,0,0,1,0,9,0,5,21,0,0,0,0,31,1,2
7,0,0,0,0,1,0,0,0,0,0,0,2,0,0,0,0
9,0,0,0,0,0,0,0,1,1,0,0,1,0,1,0,0
8,0,0,0,0,0,3,0,0,0,0,0,0,0,0,0,0
6,0,0,0,0,0,0,0,0,1,0,0,0,1,0,1,0
9,0,0,0,0,0,1,0,0,0,0,0,1,0,0,0,1
0,0,0,0,0,0,0,0,0,0,0,0,0,0,0,0,0
24,0,0,0,5,0,2,0,1,2,0,0,0,1,0,1,3
0,0,0,0,0,0,0,0,0,0,0,0,0,0,0,0,0
1,0,0,0,0,0,0,0,0,0,0,0,0,0,0,0,0
8,0,0,0,0,0,1,0,0,0,0,0,0,0,1,0,0
28,0,0,0,2,0,10,0,2,4,0,0,0,0,0,0,1
8,0,0,0,0,0,1,0,0,1,0,0,0,0,0,0,0
1,0,0,0,0,0,0,0,0,0,0,0,0,0,0,0,0
40,0,0,0,3,0,7,0,0,8,0,0,0,1,1,1,1
1,0,0,0,0,0,0,0,0,0,0,0,0,0,0,0,0
0,0,0,0,0,0,0,0,0,0,0,0,0,0,0,0,0
62,1,0,0,1,0,15,0,1,6,0,0,0,0,1,1,1
6,0,0,0,0,0,2,0,0,0,0,0,0,1,0,0,2
63,1,0,0,0,0,2,0,0,18,0,0,0,1,3,0,4
48,0,0,0,2,0,8,0,3,13,0,1,0,0,1,0,1
1,0,0,0,0,0,0,0,0,1,0,0,0,0,0,0,0
4,0,0,0,0,0,1,0,0,0,0,0,0,0,0,0,0
24,0,0,0,2,0,2,1,0,2,0,0,0,0,2,0,0
0,0,0,0,0,0,0,0,0,0,0,0,0,0,0,0,0
8,0,0,0,0,0,0,0,0,1,0,0,0,0,1,0,2
10,0,0,0,0,0,1,0,0,0,0,0,0,1,5,1,0
6,0,0,0,0,0,0,0,2,1,0,0,0,0,1,0,0
112,0,0,0,2,0,2,0,3,25,1,0,0,1,1,5,3
3,0,0,0,0,0,0,0,0,0,0,0,0,0,0,0,1
3,0,0,0,0,0,0,0,0,0,0,0,0,0,0,0,0
10,0,0,0,0,0,0,0,0,1,0,0,0,0,1,0,1
10,0,0,0,1,0,2,0,0,1,0,0,0,0,0,0,0
5,0,0,0,1,0,1,0,0,0,0,0,0,0,1,0,1
21,0,0,0,2,0,2,0,0,8,0,0,0,0,2,0,0
9,0,0,0,1,0,1,0,2,0,0,0,0,0,1,0,1
38,0,0,0,2,1,1,0,0,3,0,1,2,2,2,0,2
16,0,0,0,2,0,2,0,0,1,0,0,0,0,2,0,4
10,0,0,0,0,0,4,0,0,0,0,0,0,1,2,0,1
21,0,0,0,1,0,1,0,2,2,1,0,0,0,0,0,0
8,0,0,0,0,0,1,0,0,0,0,0,2,0,0,0,0
0,0,0,0,0,0,0,0,0,0,0,0,0,0,0,0,0
0,0,0,0,0,0,0,0,0,0,0,0,0,0,0,0,0
97,0,0,0,4,0,6,0,1,13,0,1,0,1,3,1,4
6,0,0,0,1,0,2,0,1,0,0,0,0,0,0,0,0
5,0,0,0,0,0,0,0,0,0,1,0,1,0,0,0,0
3,0,0,0,0,0,0,0,0,0,0,0,0,0,0,0,0
20,0,0,0,2,0,3,0,5,0,0,0,0,0,3,0,1
10,0,0,0,2,0,1,0,1,1,0,0,0,0,0,0,1
0,0,0,0,0,0,0,0,0,0,0,0,0,0,0,0,0
5,0,0,0,0,0,1,0,0,0,0,0,0,0,0,0,1
8,1,0,0,1,0,1,0,0,1,0,0,0,0,1,0,0
88,4,0,0,8,1,17,0,3,18,3,0,0,1,12,0,4
0,0,0,0,0,0,0,0,0,0,0,0,0,0,0,0,0
9,1,0,0,0,0,1,0,0,1,0,0,0,0,1,0,0
7,0,0,0,0,0,2,0,0,0,0,0,0,0,0,0,0
7,0,0,0,0,0,1,0,0,0,0,0,0,0,0,0,1
0,0,0,0,0,0,0,0,0,0,0,0,0,0,0,0,0
1,0,0,0,0,1,0,0,0,0,0,0,0,0,0,0,0
10,1,0,0,0,0,6,0,0,1,0,0,0,0,0,0,0
14,1,0,0,0,0,0,0,0,1,0,0,0,0,0,0,0
16,1,0,0,3,0,0,0,0,4,0,0,0,0,0,0,0
13,0,0,0,0,0,6,0,1,0,0,0,0,0,0,0,1
136,1,0,0,3,1,22,1,1,6,0,1,1,1,6,0,12
0,0,0,0,0,0,0,0,0,0,0,0,0,0,0,0,0
0,0,0,0,0,0,0,0,0,0,0,0,0,0,0,0,0
2,0,0,0,0,0,0,0,0,0,0,0,0,0,0,0,0
0,0,0,0,0,0,0,0,0,0,0,0,0,0,0,0,0
3,0,0,0,0,0,0,0,0,0,0,0,0,0,0,0,0
6,0,0,0,0,0,0,0,0,0,0,0,1,0,1,0,0
0,0,0,0,0,0,0,0,0,0,0,0,0,0,0,0,0
19,1,0,0,1,0,0,0,0,1,0,0,0,0,0,0,0
25,1,0,0,0,0,0,0,0,3,0,1,2,0,0,0,0
12,0,0,0,0,0,3,0,0,0,0,0,0,0,0,0,1
1,0,0,0,0,0,0,0,0,0,0,0,0,0,0,0,0
7,0,0,0,1,0,1,0,0,0,0,0,0,0,0,0,1
36,1,0,0,2,0,7,0,1,5,0,0,0,0,1,0,1
1,0,0,0,0,0,0,0,0,0,0,0,0,0,0,0,1
1,0,0,0,0,0,0,0,0,0,0,0,0,0,0,0,0
0,0,0,0,0,0,0,0,0,0,0,0,0,0,0,0,0
1,0,0,0,0,0,0,0,0,0,0,0,0,0,0,0,0
1,0,0,0,1,0,0,0,0,0,0,0,0,0,0,0,0
0,0,0,0,0,0,0,0,0,0,0,0,0,0,0,0,0
0,0,0,0,0,0,0,0,0,0,0,0,0,0,0,0,0
1,0,0,0,0,0,0,0,0,0,0,0,0,0,0,0,0
31,0,0,0,3,0,6,0,3,1,1,1,0,2,2,1,4
5,0,0,0,0,0,1,0,1,1,0,0,0,0,0,0,0
0,0,0,0,0,0,0,0,0,0,0,0,0,0,0,0,0
39,1,0,0,1,3,7,1,0,5,0,0,1,0,0,0,5
0,0,0,0,0,0,0,0,0,0,0,0,0,0,0,0,0
18,0,0,0,1,0,1,0,0,3,0,0,0,1,1,0,3
7,0,0,0,0,0,2,0,0,0,0,0,0,0,3,0,1
1,0,0,0,0,0,1,0,0,0,0,0,0,0,0,0,0
7,0,0,0,1,0,0,0,0,2,0,0,0,0,0,0,1
2,0,0,0,0,0,0,0,0,0,0,0,0,0,0,0,0
1,0,0,0,0,0,0,0,0,0,0,0,0,0,0,0,1
0,0,0,0,0,0,0,0,0,0,0,0,0,0,0,0,0
0,0,0,0,0,0,0,0,0,0,0,0,0,0,0,0,0
1,0,0,0,0,0,0,0,0,0,0,0,0,0,1,0,0
1,0,0,0,0,0,1,0,0,0,0,0,0,0,0,0,0
1,0,0,0,0,0,0,0,0,0,0,0,0,0,0,0,0
0,0,0,0,0,0,0,0,0,0,0,0,0,0,0,0,0
0,0,0,0,0,0,0,0,0,0,0,0,0,0,0,0,0
2,0,0,0,0,0,1,0,0,0,0,0,0,0,0,0,0
2,0,0,0,0,0,0,0,0,0,0,0,0,0,0,0,0
0,0,0,0,0,0,0,0,0,0,0,0,0,0,0,0,0
0,0,0,0,0,0,0,0,0,0,0,0,0,0,0,0,0
0,0,0,0,0,0,0,0,0,0,0,0,0,0,0,0,0
0,0,0,0,0,0,0,0,0,0,0,0,0,0,0,0,0
2,0,0,0,0,0,0,0,0,0,0,0,0,0,0,0,0
4,0,0,0,0,0,0,0,0,1,0,0,0,0,0,0,0
3,0,0,0,1,0,1,0,0,1,0,0,0,0,0,0,0
13,0,0,0,0,1,3,0,0,5,0,0,0,0,0,0,0
19,0,0,0,1,0,3,0,0,2,0,0,0,0,0,0,1
9,0,0,0,1,0,2,0,2,0,0,0,0,0,0,0,1
19,0,0,0,4,0,4,0,2,0,0,0,0,0,3,1,2
1,0,0,0,0,0,0,0,0,0,0,0,0,0,0,0,0
0,0,0,0,0,0,0,0,0,0,0,0,0,0,0,0,0
2,0,0,0,0,0,0,0,0,0,0,0,1,0,0,0,0
1,0,0,0,0,0,0,0,0,0,0,0,0,0,0,0,0
142,1,0,0,24,2,90,0,2,4,0,0,0,0,7,0,0
15,0,0,0,0,1,2,0,0,1,0,0,1,5,0,0,1
20,0,0,0,2,0,2,0,2,3,0,0,0,0,3,0,1
0,0,0,0,0,0,0,0,0,0,0,0,0,0,0,0,0
3,0,0,0,0,0,0,0,0,3,0,0,0,0,0,0,0
4,0,0,0,0,0,1,0,0,0,0,0,0,0,1,0,1
4,0,0,0,0,0,0,0,0,0,0,0,0,0,2,0,0
17,0,0,0,1,0,2,0,0,2,0,0,0,0,2,0,1
0,0,0,0,0,0,0,0,0,0,0,0,0,0,0,0,0
1,0,0,0,0,0,0,0,0,0,0,0,0,0,0,0,1
0,0,0,0,0,0,0,0,0,0,0,0,0,0,0,0,0
5,0,0,0,0,0,1,1,0,0,0,0,0,0,0,0,1
1,0,0,0,0,0,0,0,0,0,0,0,0,0,0,0,1
18,1,0,0,0,0,0,0,0,2,0,0,0,0,1,0,0
0,0,0,0,0,0,0,0,0,0,0,0,0,0,0,0,0
0,0,0,0,0,0,0,0,0,0,0,0,0,0,0,0,0
2,0,0,0,0,0,1,0,0,0,0,0,0,0,0,0,0
2,0,0,0,0,0,1,0,0,1,0,0,0,0,0,0,0
0,0,0,0,0,0,0,0,0,0,0,0,0,0,0,0,0
0,0,0,0,0,0,0,0,0,0,0,0,0,0,0,0,0
0,0,0,0,0,0,0,0,0,0,0,0,0,0,0,0,0
0,0,0,0,0,0,0,0,0,0,0,0,0,0,0,0,0
0,0,0,0,0,0,0,0,0,0,0,0,0,0,0,0,0
